"SalePrice","OverallCond","LotArea","YearBuilt","CentralAir","GarageFinish","GarageCars"
208500,5,8450,"New","Y","Y",2
181500,8,9600,"New","Y","Y",2
223500,5,11250,"New","Y","Y",2
140000,5,9550,"Old","Y","Y",3
250000,5,14260,"New","Y","Y",3
143000,5,14115,"New","Y","Y",2
307000,5,10084,"New","Y","Y",2
200000,6,10382,"New","Y","Y",2
129900,5,6120,"Old","Y","Y",2
118000,6,7420,"Old","Y","Y",1
129500,5,11200,"Old","Y","Y",1
345000,5,11924,"New","Y","Y",3
144000,6,12968,"Old","Y","Y",1
279500,5,10652,"New","Y","Y",3
157000,5,10920,"Old","Y","Y",1
132000,8,6120,"Old","Y","Y",2
149000,7,11241,"Old","Y","Y",2
90000,5,10791,"Old","Y","Y",2
159000,5,13695,"New","Y","Y",2
139000,6,7560,"Old","Y","Y",1
325300,5,14215,"New","Y","Y",3
139400,7,7449,"Old","Y","Y",1
230000,5,9742,"New","Y","Y",2
129900,7,4224,"New","Y","Y",2
154000,8,8246,"Old","Y","Y",1
256300,5,14230,"New","Y","Y",3
134800,7,7200,"Old","Y","Y",2
306000,5,11478,"New","Y","Y",3
207500,6,16321,"Old","Y","Y",1
68500,6,6324,"Old","N","Y",1
40000,4,8500,"Old","N","Y",1
149350,6,8544,"Old","Y","Y",1
179900,5,11049,"New","Y","Y",2
165500,5,10552,"Old","Y","Y",2
277500,5,7313,"New","Y","Y",2
309000,5,13418,"New","Y","Y",3
145000,5,10859,"New","Y","Y",2
153000,6,8532,"Old","Y","Y",2
109000,7,7922,"Old","Y","Y",1
82000,5,6040,"Old","N","N",0
160000,5,8658,"Old","Y","Y",2
170000,6,16905,"Old","Y","Y",1
144000,7,9180,"New","Y","Y",2
130250,6,9200,"New","Y","Y",1
141000,6,7945,"Old","Y","Y",1
319900,5,7658,"New","Y","Y",2
239686,5,12822,"New","Y","Y",2
249700,5,11096,"New","Y","Y",3
113000,5,4456,"Old","Y","N",0
127000,7,7742,"Old","Y","Y",1
177000,6,13869,"New","Y","Y",2
114500,6,6240,"Old","Y","Y",2
110000,5,8472,"Old","N","Y",2
385000,5,50271,"New","Y","Y",3
130000,5,7134,"Old","Y","Y",2
180500,5,10175,"Old","Y","Y",2
172500,5,2645,"New","Y","Y",2
196500,5,11645,"New","Y","Y",2
438780,5,13682,"New","Y","Y",3
124900,7,7200,"New","Y","Y",1
158000,5,13072,"New","Y","Y",2
101000,7,7200,"Old","N","Y",1
202500,5,6442,"New","Y","Y",2
140000,6,10300,"Old","Y","Y",2
219500,5,9375,"New","Y","Y",2
317000,5,9591,"New","Y","Y",3
180000,5,19900,"Old","Y","Y",2
226000,5,10665,"New","Y","Y",2
80000,6,4608,"Old","Y","Y",1
225000,4,15593,"Old","Y","Y",2
244000,6,13651,"New","Y","Y",2
129500,6,7599,"New","Y","Y",2
185000,5,10141,"New","Y","Y",2
144900,7,10200,"Old","Y","Y",2
107400,6,5790,"Old","N","Y",1
91000,5,1596,"New","Y","Y",1
135750,7,8475,"Old","Y","Y",1
127000,5,8635,"Old","Y","Y",1
136500,5,10778,"Old","N","N",0
110000,6,10440,"Old","Y","Y",2
193500,6,13000,"Old","Y","Y",1
153500,5,4500,"New","Y","Y",2
245000,5,10206,"New","Y","Y",3
126500,5,8892,"Old","Y","Y",2
168500,5,8530,"New","Y","Y",2
260000,5,16059,"New","Y","Y",2
174000,5,11911,"New","Y","Y",2
164500,5,3951,"New","Y","Y",2
85000,2,8470,"Old","N","N",0
123600,5,8070,"New","Y","N",0
109900,5,7200,"Old","Y","Y",2
98600,3,8500,"Old","Y","Y",2
163500,7,13360,"Old","Y","Y",2
133900,6,7200,"Old","N","Y",2
204750,5,9337,"New","Y","Y",2
185000,8,9765,"New","Y","Y",2
214000,5,10264,"New","Y","Y",2
94750,5,10921,"Old","Y","Y",1
83000,5,10625,"Old","N","Y",1
128950,5,9320,"Old","Y","N",0
205000,7,10603,"New","Y","Y",2
178000,5,9206,"New","Y","Y",2
118964,5,7018,"New","Y","Y",2
198900,5,10402,"New","Y","Y",3
169500,4,7758,"Old","Y","Y",1
250000,5,9375,"New","Y","Y",2
100000,7,10800,"Old","Y","Y",1
115000,5,6000,"Old","Y","Y",1
115000,7,8500,"Old","N","N",0
190000,6,11751,"New","Y","Y",2
136900,4,9525,"Old","Y","Y",1
180000,5,7750,"New","Y","Y",2
383970,5,9965,"New","Y","Y",3
217000,5,21000,"Old","Y","Y",2
259500,8,7259,"Old","Y","Y",1
176000,5,3230,"New","Y","Y",2
139000,5,11616,"Old","Y","Y",1
155000,5,8536,"New","Y","Y",2
320000,5,12376,"New","Y","Y",3
163990,5,8461,"New","Y","Y",2
180000,5,21453,"Old","Y","Y",2
100000,5,6060,"Old","Y","Y",1
136000,7,9464,"Old","Y","Y",1
153900,5,7892,"New","Y","Y",2
181000,5,17043,"New","Y","Y",2
84500,8,6780,"Old","N","N",0
128000,5,4928,"New","Y","Y",2
87000,7,4388,"Old","Y","N",0
155000,5,7590,"Old","Y","Y",2
150000,7,8973,"Old","Y","Y",2
226000,6,14200,"Old","Y","Y",2
244000,5,12224,"New","Y","Y",2
150750,6,7388,"Old","Y","Y",2
220000,5,6853,"New","Y","Y",2
180000,6,10335,"Old","Y","Y",2
174000,6,10400,"Old","Y","Y",2
143000,5,10355,"Old","Y","Y",1
171000,5,11070,"New","Y","Y",3
230000,5,9066,"New","Y","Y",3
231500,5,15426,"New","Y","Y",2
115000,5,10500,"New","Y","N",0
260000,5,11645,"New","Y","Y",2
166000,4,8520,"Old","Y","Y",2
204000,5,10335,"New","Y","Y",2
125000,5,9100,"Old","Y","Y",2
130000,5,2522,"New","Y","Y",2
105000,7,6120,"Old","Y","Y",1
222500,5,9505,"New","Y","Y",2
141000,5,7500,"New","Y","N",0
115000,4,6240,"Old","Y","Y",1
122000,6,10356,"New","Y","Y",2
372402,5,13891,"New","Y","Y",3
190000,5,14803,"New","Y","Y",2
235000,7,13500,"Old","Y","Y",2
125000,5,11340,"Old","Y","Y",1
79000,5,9600,"Old","N","N",0
109500,7,7200,"Old","Y","Y",2
269500,5,12003,"New","Y","Y",3
254900,5,12552,"New","Y","Y",2
320000,5,19378,"New","Y","Y",2
162500,6,11120,"New","Y","Y",2
412500,5,13688,"New","Y","Y",3
220000,5,12182,"New","Y","Y",2
103200,6,5500,"Old","Y","N",0
152000,7,5400,"Old","Y","Y",1
127500,7,10106,"Old","Y","N",0
190000,5,10708,"Old","Y","Y",1
325624,5,10562,"New","Y","Y",3
183500,5,8244,"New","Y","Y",2
228000,6,16669,"New","Y","Y",2
128500,6,12358,"Old","Y","Y",2
215000,5,31770,"Old","Y","Y",2
239000,7,5306,"New","Y","Y",2
163000,5,10197,"Old","Y","Y",2
184000,5,12416,"New","Y","Y",2
243000,7,12615,"Old","Y","Y",2
211000,5,10029,"New","Y","Y",2
172500,5,13650,"Old","Y","Y",2
501837,5,17423,"New","Y","Y",3
100000,6,8520,"Old","Y","Y",2
177000,5,2117,"New","Y","Y",2
200100,6,7588,"Old","Y","Y",1
120000,6,9060,"Old","Y","Y",1
200000,5,11426,"New","Y","Y",2
127000,8,7438,"Old","Y","Y",2
475000,9,22950,"Old","Y","Y",3
173000,5,9947,"New","Y","Y",2
135000,7,10410,"Old","Y","Y",1
153337,5,7018,"New","Y","Y",2
286000,5,4923,"New","Y","Y",2
315000,8,10570,"Old","Y","Y",2
184000,9,7472,"New","Y","Y",2
192000,5,9017,"New","Y","Y",2
130000,5,2522,"New","Y","Y",2
127000,7,7180,"New","Y","Y",1
148500,6,2280,"New","Y","Y",2
311872,5,9416,"New","Y","Y",3
235000,4,25419,"Old","Y","Y",2
104000,6,5520,"Old","Y","N",0
274900,5,9591,"New","Y","Y",3
140000,5,8546,"New","Y","Y",2
171500,6,10125,"New","Y","Y",2
112000,6,7000,"Old","Y","Y",1
149000,5,4438,"New","Y","Y",2
110000,7,3500,"Old","Y","Y",1
180500,5,11851,"New","Y","Y",2
143900,5,13673,"Old","Y","Y",1
141000,5,12493,"Old","Y","Y",1
277000,5,14364,"New","Y","Y",2
145000,7,8250,"Old","Y","Y",2
98000,6,5604,"Old","N","N",0
186000,5,10420,"New","Y","Y",2
252678,5,8640,"New","Y","Y",2
156000,5,13568,"New","Y","Y",2
161750,7,10900,"New","Y","Y",1
134450,6,10011,"Old","Y","Y",1
210000,5,8450,"New","Y","Y",2
107000,4,9906,"Old","N","Y",1
311500,9,15660,"Old","Y","Y",2
167240,5,3010,"New","Y","Y",2
204900,5,8990,"New","Y","Y",2
200000,5,8068,"New","Y","Y",2
179900,6,11475,"New","Y","Y",2
97000,6,10500,"New","Y","Y",2
386250,5,13472,"New","Y","Y",3
112000,5,1680,"New","Y","Y",1
290000,5,9950,"New","Y","Y",3
106000,6,1869,"Old","Y","Y",1
125000,5,8521,"Old","Y","Y",1
192500,5,3182,"New","Y","Y",2
148000,6,8760,"Old","Y","Y",1
403000,5,15138,"New","Y","Y",3
94500,5,1680,"New","Y","Y",1
128200,6,10650,"New","Y","Y",1
216500,5,7851,"New","Y","Y",2
89500,3,1680,"New","Y","Y",1
185500,5,8773,"New","Y","Y",2
194500,7,9453,"New","Y","Y",2
318000,5,12030,"New","Y","Y",3
113000,4,8741,"Old","Y","Y",1
262500,5,9000,"New","Y","Y",2
110500,9,3880,"Old","Y","N",0
79000,4,5000,"Old","N","Y",1
120000,6,10762,"New","Y","Y",1
205000,5,8880,"New","Y","Y",2
241500,5,10400,"New","Y","Y",2
137000,8,9142,"Old","N","Y",1
140000,5,11310,"Old","Y","Y",2
180000,5,11317,"New","Y","Y",2
277000,7,159000,"Old","Y","Y",2
76500,2,5350,"Old","Y","N",0
235000,5,4750,"New","Y","Y",2
173000,5,8366,"New","Y","Y",2
158000,7,9350,"Old","Y","Y",1
145000,6,8400,"Old","Y","Y",1
230000,5,8738,"New","Y","Y",2
207500,5,8791,"New","Y","Y",2
220000,5,8814,"New","Y","Y",2
231500,5,12435,"New","Y","Y",2
97000,5,12702,"Old","Y","Y",1
176000,5,19296,"Old","Y","Y",2
276000,5,9588,"New","Y","Y",3
151000,7,8471,"New","Y","Y",2
130000,7,5500,"Old","Y","Y",2
73000,5,5232,"Old","N","Y",2
175500,6,12090,"New","Y","Y",2
185000,5,11207,"New","Y","Y",2
179500,8,8400,"Old","Y","Y",1
120500,6,6900,"Old","Y","Y",1
148000,7,7917,"New","Y","Y",1
266000,5,10728,"New","Y","Y",3
241500,7,39104,"Old","Y","Y",2
290000,7,11764,"New","Y","Y",3
139000,6,9600,"Old","Y","Y",1
124500,7,8314,"New","Y","Y",1
205000,7,7264,"Old","N","Y",2
201000,5,9196,"New","Y","Y",2
141000,5,19138,"Old","Y","Y",2
415298,5,14450,"New","Y","Y",3
192000,5,10005,"New","Y","Y",2
228500,6,11287,"New","Y","Y",2
185000,5,7200,"New","Y","Y",2
207500,5,5063,"New","Y","Y",2
244600,5,9612,"New","Y","Y",3
179200,5,8012,"New","Y","Y",2
164700,5,4251,"New","Y","Y",2
159000,7,9786,"Old","Y","Y",2
88000,4,8125,"New","Y","N",0
122000,5,9819,"Old","Y","Y",1
153575,7,8730,"Old","Y","Y",1
233230,5,15611,"New","Y","Y",2
135900,6,5687,"Old","N","N",0
131000,4,11409,"Old","Y","Y",1
235000,7,16659,"New","Y","Y",2
167000,5,9600,"Old","Y","Y",2
142500,6,7937,"New","Y","Y",2
152000,5,13710,"Old","Y","Y",1
239000,5,7399,"New","Y","Y",2
175000,6,11700,"Old","Y","Y",2
158500,8,14000,"Old","Y","Y",1
157000,5,15750,"Old","Y","Y",1
267000,5,16226,"New","Y","Y",2
205000,5,13704,"New","Y","Y",3
149900,7,9800,"New","Y","Y",2
295000,9,18386,"Old","Y","Y",3
305900,5,10386,"New","Y","Y",3
225000,5,13474,"New","Y","Y",3
89500,7,7920,"Old","Y","N",0
82500,5,12342,"Old","Y","Y",2
360000,5,12378,"New","Y","Y",3
165600,5,7685,"New","Y","Y",2
132000,6,8000,"Old","Y","Y",1
119900,7,7800,"Old","Y","Y",2
375000,5,215245,"Old","Y","Y",2
178000,7,9600,"Old","Y","Y",2
188500,5,7795,"New","Y","Y",2
260000,7,13005,"New","Y","Y",2
270000,5,9000,"New","Y","Y",3
260000,5,9900,"New","Y","Y",3
187500,5,14115,"New","Y","Y",2
342643,5,16259,"New","Y","Y",3
354000,5,12099,"New","Y","Y",3
301000,5,10380,"New","Y","Y",2
126175,8,5820,"Old","Y","Y",1
242000,7,11275,"Old","Y","Y",2
87000,6,5000,"Old","N","Y",2
324000,5,10846,"New","Y","Y",2
145250,5,11600,"Old","Y","Y",1
214500,6,11888,"Old","N","Y",2
78000,5,6402,"Old","N","Y",1
119000,4,10624,"Old","Y","Y",1
139000,6,8176,"Old","Y","Y",1
284000,5,10655,"New","Y","Y",3
207000,5,8198,"New","Y","Y",2
192000,5,9042,"New","Y","Y",2
228950,6,164660,"Old","Y","Y",2
377426,5,14157,"New","Y","Y",3
214000,5,9135,"New","Y","Y",2
202500,7,14145,"New","Y","Y",2
155000,7,12400,"Old","Y","Y",1
202900,5,14191,"New","Y","Y",2
82000,4,8400,"Old","Y","Y",1
87500,4,8544,"Old","N","Y",2
266000,5,8849,"New","Y","Y",2
85000,3,2592,"New","Y","Y",1
140200,5,6435,"Old","Y","Y",1
151500,8,12772,"Old","Y","Y",1
157500,5,17600,"Old","Y","Y",2
154000,5,2448,"New","Y","Y",2
437154,5,20431,"New","Y","Y",3
318061,5,7820,"New","Y","Y",2
190000,5,5271,"New","Y","Y",2
95000,6,9084,"Old","N","Y",1
105900,8,8520,"Old","Y","Y",2
140000,5,8400,"Old","Y","Y",1
177500,5,11249,"New","Y","Y",2
173000,6,9248,"New","Y","Y",2
134000,5,4224,"New","Y","Y",2
130000,4,6930,"Old","Y","Y",1
280000,5,12011,"New","Y","Y",2
156000,6,7540,"New","Y","Y",2
145000,5,9144,"Old","Y","Y",1
198500,5,7301,"New","Y","Y",2
118000,8,1680,"New","Y","Y",1
190000,5,18800,"New","Y","Y",2
147000,7,10690,"Old","Y","Y",1
159000,5,9500,"Old","Y","Y",2
165000,5,9150,"Old","Y","Y",1
132000,6,7800,"Old","Y","Y",1
162000,7,9830,"Old","Y","Y",2
172400,5,8121,"New","Y","Y",2
134432,4,17120,"Old","Y","Y",2
125000,5,7175,"New","Y","Y",1
123000,6,10634,"Old","Y","Y",1
219500,5,8200,"New","Y","Y",2
61000,1,10020,"Old","N","N",0
148000,5,8846,"New","Y","Y",2
340000,5,11143,"New","Y","Y",2
394432,2,11394,"New","Y","Y",3
179000,5,8123,"New","Y","Y",2
127000,6,5000,"Old","Y","Y",1
187750,5,7200,"New","Y","Y",2
213500,5,9245,"New","Y","Y",2
76000,3,9000,"Old","N","Y",2
240000,5,53107,"New","Y","Y",2
192000,5,3182,"New","Y","Y",2
81000,3,8410,"Old","Y","N",0
125000,6,7200,"New","Y","Y",1
191000,5,9382,"New","Y","Y",2
426000,5,12474,"New","Y","Y",3
119000,8,8405,"Old","Y","Y",1
215000,5,12209,"New","Y","Y",2
106500,7,8339,"Old","Y","Y",1
100000,5,7446,"Old","Y","N",0
109000,6,10134,"Old","Y","Y",1
129000,6,9571,"Old","Y","Y",1
123000,5,7200,"New","Y","Y",2
169500,5,7590,"Old","Y","Y",1
67000,2,8967,"Old","Y","Y",1
241000,5,8125,"New","Y","Y",2
245500,5,14963,"New","Y","Y",2
164990,5,8767,"New","Y","Y",2
108000,8,10200,"Old","Y","Y",1
258000,5,12090,"New","Y","Y",2
168000,5,10364,"New","Y","Y",2
150000,4,9991,"New","Y","Y",2
115000,5,10480,"Old","Y","Y",1
177000,7,15576,"Old","Y","Y",1
280000,5,14154,"New","Y","Y",3
339750,5,10800,"New","Y","Y",3
60000,3,9571,"Old","Y","Y",1
145000,5,34650,"Old","N","Y",2
222000,5,4403,"New","Y","Y",2
115000,6,8960,"Old","Y","Y",2
228000,5,11228,"New","Y","Y",3
181134,5,8899,"New","Y","Y",2
149500,7,7844,"New","Y","Y",2
239000,6,22420,"Old","N","Y",3
126000,6,8160,"Old","N","Y",1
142000,6,8450,"Old","Y","Y",1
206300,5,7060,"New","Y","Y",4
215000,7,16635,"New","Y","Y",2
113000,5,21750,"Old","Y","Y",2
315000,5,9200,"New","Y","Y",3
139000,5,9000,"Old","Y","Y",1
135000,8,3378,"Old","Y","Y",1
275000,5,12800,"New","Y","Y",2
109008,6,8593,"Old","Y","Y",1
195400,5,6762,"New","Y","Y",2
175000,5,11457,"New","Y","Y",2
85400,5,1680,"New","Y","Y",1
79900,7,5586,"Old","Y","N",0
122500,5,1920,"New","Y","Y",2
181000,5,10839,"New","Y","Y",2
81000,7,1890,"New","Y","N",0
212000,6,10667,"New","Y","Y",2
116000,8,4400,"Old","Y","Y",2
119000,7,6000,"Old","Y","Y",1
90350,6,4280,"Old","N","Y",1
110000,8,12354,"Old","Y","Y",2
555000,5,15431,"New","Y","Y",3
118000,4,12108,"Old","N","N",0
162900,7,6240,"Old","Y","Y",2
172500,5,3922,"New","Y","Y",3
210000,5,8750,"New","Y","Y",2
127500,5,9855,"Old","Y","Y",2
190000,6,16492,"Old","Y","Y",2
199900,5,11214,"New","Y","Y",2
119500,6,8600,"Old","Y","Y",1
120000,7,6000,"Old","Y","Y",1
110000,8,5684,"Old","Y","Y",1
280000,5,70761,"New","Y","Y",2
204000,5,9303,"New","Y","Y",2
210000,5,9000,"New","Y","Y",2
188000,5,9297,"New","Y","Y",2
175500,6,9600,"New","Y","Y",2
98000,5,4571,"Old","N","Y",3
256000,6,53227,"Old","Y","Y",2
161000,7,5100,"Old","Y","Y",1
110000,4,7015,"Old","Y","Y",1
263435,5,8004,"New","Y","Y",2
155000,9,7200,"Old","Y","Y",2
62383,5,8281,"Old","Y","Y",1
188700,7,11988,"Old","Y","Y",1
124000,5,8430,"New","Y","N",0
178740,5,3072,"New","Y","Y",2
167000,5,10628,"Old","Y","Y",2
146500,7,9480,"Old","Y","Y",1
250000,5,11428,"New","Y","Y",3
187000,5,9291,"New","Y","Y",2
212000,5,6820,"New","Y","Y",2
190000,6,11952,"New","Y","Y",2
148000,5,3675,"New","Y","Y",2
440000,5,14977,"New","Y","Y",3
251000,5,5330,"New","Y","Y",2
132500,6,8480,"Old","Y","Y",2
208900,5,13125,"New","Y","Y",2
380000,5,13693,"New","Y","Y",3
297000,5,10637,"New","Y","Y",3
89471,7,5925,"Old","Y","Y",2
326000,5,16033,"New","Y","Y",3
374000,5,11846,"New","Y","Y",3
155000,8,2500,"Old","Y","Y",1
164000,5,4500,"New","Y","Y",2
132500,7,7758,"Old","Y","Y",1
147000,7,9600,"Old","Y","Y",1
156000,7,10289,"Old","Y","Y",2
175000,6,12243,"New","Y","Y",2
160000,4,10800,"Old","N","Y",2
86000,8,1526,"Old","Y","Y",1
115000,6,2665,"New","Y","Y",1
133000,7,9490,"Old","Y","Y",1
172785,5,15578,"New","Y","Y",2
155000,6,7931,"Old","Y","Y",1
91300,8,5784,"Old","Y","Y",1
34900,5,7879,"Old","N","N",0
430000,5,12692,"New","Y","Y",2
184000,6,9120,"Old","Y","Y",1
130000,7,7800,"Old","Y","Y",1
120000,7,7535,"Old","Y","Y",1
113000,5,1890,"New","Y","Y",1
226700,5,9803,"New","Y","Y",2
140000,7,9170,"Old","Y","Y",2
289000,8,15602,"Old","Y","Y",2
147000,5,2308,"New","Y","Y",2
124500,5,7596,"Old","Y","Y",2
215000,5,9554,"New","Y","Y",2
208300,5,7862,"New","Y","Y",2
161000,9,9600,"Old","Y","Y",2
124500,6,9600,"Old","Y","Y",1
164900,7,14559,"Old","Y","Y",1
202665,5,6792,"New","Y","Y",2
129900,5,9100,"Old","Y","Y",2
134000,5,9187,"New","Y","Y",2
96500,5,10594,"Old","N","Y",1
402861,5,12220,"New","Y","Y",3
158000,6,10448,"New","Y","Y",2
265000,5,10208,"New","Y","Y",3
211000,5,9531,"New","Y","Y",2
234000,9,10918,"Old","Y","Y",1
106250,7,10800,"Old","N","N",0
150000,6,11988,"Old","Y","Y",1
159000,7,5000,"Old","Y","Y",2
184750,5,40094,"New","Y","Y",3
315750,5,11787,"New","Y","Y",3
176000,5,7500,"New","Y","Y",2
132000,7,13300,"Old","Y","Y",1
446261,5,14948,"New","Y","Y",3
86000,7,9098,"Old","Y","N",0
200624,3,32668,"Old","Y","Y",2
175000,5,10200,"New","Y","Y",2
128000,8,6155,"Old","Y","Y",2
107500,7,7200,"Old","Y","Y",1
39300,3,5000,"Old","N","N",0
178000,5,9056,"New","Y","Y",2
107500,7,7000,"Old","Y","N",0
188000,5,8924,"New","Y","Y",2
111250,5,12735,"New","Y","Y",2
158000,5,11553,"Old","Y","Y",1
272000,5,11423,"New","Y","Y",2
315000,5,14601,"New","Y","Y",3
248000,5,11000,"New","Y","Y",3
213250,5,10140,"New","Y","Y",2
133000,5,4058,"New","Y","Y",1
179665,5,17104,"New","Y","Y",2
229000,5,13837,"New","Y","Y",3
210000,7,8737,"Old","Y","Y",2
129500,7,7244,"Old","Y","Y",2
125000,7,8235,"Old","Y","Y",2
263000,5,9375,"New","Y","Y",2
140000,6,4043,"New","Y","Y",2
112500,6,6000,"Old","Y","Y",1
255500,5,11146,"New","Y","Y",3
108000,5,8777,"Old","Y","Y",2
284000,5,10625,"New","Y","Y",3
113000,6,6380,"Old","Y","Y",1
141000,5,14850,"Old","Y","Y",1
108000,6,11040,"Old","Y","Y",1
175000,5,21872,"New","Y","Y",2
234000,5,3196,"New","Y","Y",2
121500,6,11341,"Old","Y","Y",2
170000,5,10010,"New","Y","Y",2
108000,6,13907,"Old","Y","N",0
185000,7,21780,"Old","Y","Y",2
268000,5,13346,"New","Y","Y",2
128000,4,6858,"Old","N","Y",1
325000,5,11198,"New","Y","Y",3
214000,5,10171,"New","Y","Y",2
316600,8,12327,"New","Y","Y",2
135960,5,7032,"New","Y","Y",2
142600,5,13101,"Old","Y","Y",2
120000,6,7332,"Old","Y","Y",1
224500,5,13159,"New","Y","Y",2
170000,5,9967,"New","Y","Y",2
139000,7,10500,"New","Y","Y",1
118500,5,8480,"Old","Y","Y",1
145000,7,6292,"Old","Y","Y",1
164500,6,11777,"Old","Y","Y",2
146000,5,3604,"New","Y","Y",2
131500,5,12150,"Old","N","Y",1
181900,6,14585,"Old","Y","Y",2
253293,5,12704,"New","Y","Y",3
118500,5,11841,"New","Y","N",0
325000,9,13500,"Old","Y","Y",2
133000,7,6120,"Old","Y","Y",1
369900,5,11443,"New","Y","Y",3
130000,7,10267,"Old","Y","Y",1
137000,6,8740,"New","Y","Y",2
143000,8,25095,"Old","Y","Y",1
79500,6,9100,"Old","Y","Y",1
185900,5,8320,"New","Y","Y",2
451950,5,13478,"New","Y","Y",3
138000,8,6600,"New","Y","Y",2
140000,5,4435,"New","Y","Y",2
110000,6,7990,"New","Y","Y",1
319000,5,11302,"New","Y","Y",3
114504,7,3600,"Old","N","Y",1
194201,5,3922,"New","Y","Y",3
217500,6,12984,"New","Y","Y",2
151000,6,1950,"New","Y","Y",2
275000,5,10927,"New","Y","Y",2
141000,6,9000,"Old","Y","Y",1
220000,5,10041,"New","Y","Y",2
151000,5,3182,"New","Y","Y",2
221000,5,12803,"New","Y","Y",2
205000,6,13600,"Old","Y","Y",2
152000,5,12464,"New","Y","Y",2
225000,8,7800,"Old","Y","Y",1
359100,6,12168,"Old","Y","Y",2
118500,5,7943,"Old","Y","Y",1
313000,5,11050,"New","Y","Y",3
148000,6,10395,"New","Y","Y",2
261500,5,11885,"New","Y","Y",2
147000,5,8402,"New","Y","N",0
75500,6,1491,"New","Y","N",0
137500,7,8800,"Old","Y","Y",2
183200,5,7861,"New","Y","Y",2
105500,6,7227,"Old","Y","Y",2
314813,5,11694,"New","Y","Y",3
305000,5,12244,"New","Y","Y",3
67000,3,8248,"Old","N","N",0
240000,7,10800,"New","Y","Y",2
135000,6,7064,"New","Y","Y",2
168500,5,2117,"New","Y","Y",2
165150,5,10400,"New","Y","Y",2
160000,6,10000,"Old","Y","Y",2
139900,5,12342,"Old","Y","Y",1
153000,6,9600,"Old","Y","Y",1
135000,5,11606,"Old","Y","Y",2
168500,5,9020,"Old","Y","Y",2
124000,6,9000,"Old","Y","Y",1
209500,5,4590,"New","Y","Y",2
82500,5,11900,"New","Y","Y",2
139400,7,9250,"Old","Y","Y",1
144000,5,6979,"New","Y","Y",2
200000,7,10896,"Old","Y","N",0
60000,3,6120,"Old","N","N",0
93000,4,6000,"Old","Y","Y",1
85000,7,8777,"Old","Y","N",0
264561,5,3982,"New","Y","Y",3
274000,5,12677,"New","Y","Y",2
226000,5,7050,"New","Y","Y",2
345000,7,13860,"New","Y","Y",2
152000,5,10793,"Old","Y","Y",2
370878,5,9187,"New","Y","Y",3
143250,5,10530,"New","Y","Y",2
98300,5,7200,"Old","Y","Y",2
155000,5,10452,"Old","Y","Y",2
155000,5,7700,"Old","Y","Y",2
84500,6,1936,"Old","Y","N",0
205950,6,8125,"New","Y","Y",2
108000,5,9084,"Old","Y","Y",1
191000,5,8750,"New","Y","Y",2
135000,7,10320,"Old","Y","Y",1
350000,6,10437,"New","Y","Y",3
88000,5,1680,"New","Y","Y",1
145500,7,10007,"Old","Y","Y",1
149000,6,7200,"Old","Y","Y",1
97500,5,17503,"Old","Y","Y",1
167000,7,9937,"Old","Y","Y",2
197900,7,12384,"New","Y","Y",2
402000,7,46589,"New","Y","Y",3
110000,3,13560,"Old","Y","Y",2
137500,5,10012,"New","Y","Y",2
423000,5,20896,"New","Y","Y",3
230500,5,11194,"New","Y","Y",2
129000,5,18450,"Old","Y","Y",2
193500,5,8125,"New","Y","Y",2
168000,6,14175,"Old","Y","Y",2
137500,5,11600,"Old","Y","Y",1
173500,5,8633,"New","Y","Y",2
103600,6,6629,"Old","N","Y",1
165000,6,11250,"New","Y","Y",2
257500,7,14442,"Old","Y","Y",2
140000,6,9200,"Old","Y","Y",1
148500,6,2289,"New","Y","Y",2
87000,2,9600,"Old","N","Y",3
109500,8,9022,"Old","Y","Y",1
372500,5,11844,"New","Y","Y",3
128500,5,9945,"Old","Y","Y",2
143000,5,8012,"New","Y","Y",1
159434,5,4500,"Old","Y","Y",1
173000,5,2887,"New","Y","Y",2
285000,5,11248,"New","Y","Y",3
221000,5,16770,"New","Y","Y",2
207500,5,5062,"New","Y","Y",2
227875,6,10207,"New","Y","Y",2
148800,5,5105,"New","Y","Y",2
392000,6,8089,"New","Y","Y",2
194700,5,7577,"New","Y","Y",2
141000,5,4426,"New","Y","Y",2
755000,6,21535,"New","Y","Y",3
335000,5,26178,"New","Y","Y",2
108480,6,5400,"Old","Y","Y",1
141500,6,6120,"Old","Y","Y",2
176000,6,13811,"New","Y","Y",2
89000,7,6000,"Old","Y","Y",1
123500,7,6420,"Old","Y","Y",1
138500,8,8450,"Old","Y","Y",1
196000,5,4282,"New","Y","Y",2
312500,5,14331,"New","Y","Y",3
140000,5,9600,"Old","Y","Y",2
361919,5,12438,"New","Y","Y",3
140000,9,7630,"Old","Y","Y",2
213000,5,8400,"New","Y","Y",2
55000,5,5600,"Old","N","N",0
302000,5,115149,"New","Y","Y",2
254000,5,6240,"New","Y","Y",2
179540,5,9018,"New","Y","Y",2
109900,7,7162,"Old","Y","Y",1
52000,6,4130,"Old","Y","N",0
102776,7,8712,"Old","Y","Y",1
189000,5,4671,"New","Y","Y",2
129000,5,9873,"Old","N","Y",2
130500,8,13517,"New","Y","Y",2
165000,5,10140,"New","Y","Y",2
159500,8,10800,"Old","Y","Y",2
157000,6,10000,"New","Y","Y",2
341000,5,10542,"New","Y","Y",3
128500,6,9920,"Old","Y","Y",1
275000,5,6563,"New","Y","Y",2
143000,5,4426,"New","Y","Y",2
124500,7,8120,"Old","Y","Y",2
135000,6,8172,"Old","Y","Y",1
320000,5,13286,"New","Y","Y",3
120500,6,6960,"Old","Y","Y",2
222000,9,21695,"New","Y","Y",2
194500,5,7314,"New","Y","Y",2
110000,5,11475,"Old","Y","Y",3
103000,5,6240,"Old","Y","Y",2
236500,5,5389,"New","Y","Y",2
187500,5,9590,"New","Y","Y",2
222500,5,11404,"New","Y","Y",2
131400,6,10000,"Old","Y","Y",1
108000,5,8978,"Old","Y","Y",1
163000,7,10800,"Old","N","Y",2
93500,4,8544,"Old","N","Y",2
239900,5,10463,"New","Y","Y",3
179000,5,10800,"New","Y","N",0
190000,5,9313,"New","Y","Y",2
132000,7,9600,"Old","Y","Y",2
142000,8,6768,"Old","Y","Y",1
179000,5,8450,"New","Y","Y",2
175000,6,12886,"Old","Y","Y",2
180000,5,5395,"New","Y","Y",2
299800,9,8963,"New","Y","Y",2
236000,5,8795,"New","Y","Y",2
265979,7,11700,"Old","N","Y",4
260400,5,10593,"New","Y","Y",2
98000,3,8405,"Old","N","Y",1
96500,7,8800,"Old","Y","N",0
162000,5,7750,"New","Y","Y",2
217000,5,9236,"New","Y","Y",2
275500,5,10240,"New","Y","Y",3
156000,8,7930,"Old","Y","Y",2
172500,5,3230,"New","Y","Y",2
212000,5,10769,"New","Y","Y",2
158900,5,11616,"New","Y","Y",2
179400,5,2280,"New","Y","Y",2
290000,5,12257,"New","Y","Y",3
127500,6,9100,"Old","Y","Y",1
100000,5,6911,"Old","Y","Y",2
215200,5,8640,"New","Y","Y",2
337000,5,9430,"New","Y","Y",3
270000,5,9549,"New","Y","Y",2
264132,5,14587,"New","Y","Y",2
196500,5,10421,"New","Y","Y",2
160000,7,12508,"Old","Y","Y",1
216837,5,9100,"New","Y","Y",2
538000,5,53504,"New","Y","Y",3
134900,5,7252,"New","Y","Y",2
102000,5,8877,"Old","Y","Y",2
107000,5,7819,"New","Y","Y",2
114500,5,10150,"Old","Y","Y",1
395000,5,14226,"New","Y","Y",3
162000,5,4500,"New","Y","Y",2
221500,5,11210,"New","Y","Y",3
142500,5,13350,"New","Y","Y",2
144000,5,8400,"New","Y","Y",2
135000,5,10530,"New","Y","Y",2
176000,5,7875,"New","Y","Y",2
175900,5,7153,"New","Y","Y",2
187100,5,16285,"New","Y","Y",2
165500,6,9101,"New","Y","Y",2
128000,6,6300,"Old","Y","N",0
161500,5,9790,"Old","Y","Y",2
139000,6,10800,"Old","Y","Y",1
233000,5,10142,"New","Y","Y",2
107900,7,6000,"Old","Y","Y",1
187500,8,12205,"Old","Y","Y",2
160200,5,3182,"New","Y","Y",2
146800,5,11333,"New","Y","Y",2
269790,5,9920,"New","Y","Y",2
225000,5,9158,"New","Y","Y",2
194500,5,10832,"New","Y","Y",2
171000,6,8400,"New","Y","Y",2
143500,5,8197,"New","Y","Y",2
110000,5,7677,"Old","Y","Y",1
485000,5,13518,"New","Y","Y",3
175000,7,7200,"Old","Y","Y",1
200000,5,12798,"New","Y","Y",2
109900,7,4800,"Old","Y","Y",2
189000,5,8199,"New","Y","Y",2
582933,5,13891,"New","Y","Y",3
118000,5,9000,"Old","Y","Y",1
227680,5,12274,"New","Y","Y",2
135500,5,9750,"Old","Y","Y",1
223500,6,21384,"Old","Y","Y",2
159950,5,13400,"Old","Y","Y",2
106000,5,8100,"Old","N","Y",2
181000,6,10140,"New","Y","Y",2
144500,5,4438,"New","Y","Y",2
55993,5,8712,"Old","N","Y",2
157900,6,9750,"Old","Y","Y",1
116000,7,8248,"Old","Y","Y",1
224900,5,12137,"New","Y","Y",2
137000,6,11425,"Old","Y","Y",1
271000,5,13265,"New","Y","Y",3
155000,7,8816,"New","Y","Y",2
224000,5,6371,"New","Y","Y",2
183000,5,7226,"New","Y","Y",2
93000,4,6000,"Old","N","Y",2
225000,5,12394,"New","Y","Y",2
139500,7,9900,"Old","Y","Y",1
232600,5,11216,"New","Y","Y",2
385000,5,14803,"New","Y","Y",3
109500,6,6130,"Old","Y","N",0
189000,5,8529,"New","Y","Y",2
185000,5,28698,"Old","Y","Y",2
147400,5,2544,"New","Y","Y",2
166000,5,11900,"Old","Y","Y",2
151000,5,3180,"New","Y","Y",2
237000,6,9548,"New","Y","Y",2
167000,6,10004,"Old","Y","Y",2
139950,6,7875,"Old","Y","Y",2
128000,7,9600,"Old","Y","Y",2
153500,6,8100,"Old","Y","Y",2
100000,5,1680,"New","Y","Y",1
144000,6,9525,"New","Y","Y",1
130500,6,11767,"Old","Y","Y",1
140000,8,12155,"Old","N","Y",1
157500,8,10440,"Old","Y","Y",2
174900,7,9020,"Old","Y","Y",2
141000,4,8000,"Old","N","N",0
153900,8,12665,"Old","Y","Y",3
171000,5,16647,"New","Y","Y",2
213000,5,9317,"New","Y","Y",2
133500,6,15523,"New","Y","Y",1
240000,8,45600,"Old","Y","Y",2
187000,7,9600,"New","Y","Y",2
131500,5,4435,"New","Y","Y",2
215000,5,3196,"New","Y","Y",2
164000,5,7128,"Old","Y","Y",1
158000,6,12095,"Old","Y","Y",2
170000,4,17920,"Old","Y","Y",2
127000,8,6897,"Old","Y","Y",1
147000,6,10970,"New","Y","Y",2
174000,5,8125,"New","Y","Y",2
152000,5,10400,"New","Y","Y",2
250000,7,11029,"Old","Y","Y",2
189950,8,7642,"Old","Y","Y",1
131500,4,11625,"Old","Y","Y",2
152000,5,9672,"New","Y","Y",2
132500,5,7931,"Old","Y","Y",1
250580,5,8640,"New","Y","Y",2
148500,6,8750,"Old","Y","Y",2
248900,5,10656,"New","Y","Y",3
129000,5,6970,"Old","Y","Y",2
169000,6,14762,"Old","Y","Y",2
236000,5,9938,"New","Y","Y",2
109500,5,6600,"Old","N","Y",1
200500,5,8750,"New","Y","Y",2
116000,7,8892,"Old","Y","Y",2
133000,7,12144,"Old","Y","Y",1
66500,6,5720,"Old","Y","Y",1
303477,5,9000,"New","Y","Y",2
132250,5,25286,"Old","Y","Y",2
350000,5,8834,"New","Y","Y",3
148000,7,11782,"Old","Y","Y",2
136500,8,7000,"New","Y","Y",1
157000,5,7024,"New","Y","Y",2
187500,5,13758,"New","Y","Y",2
178000,5,9636,"New","Y","Y",2
118500,5,6204,"Old","N","Y",1
100000,5,7150,"Old","Y","Y",1
328900,5,5119,"New","Y","Y",2
145000,5,8393,"Old","Y","Y",2
135500,7,16466,"Old","Y","Y",1
268000,6,15865,"Old","Y","Y",2
149500,4,12160,"Old","Y","Y",2
122900,7,8064,"Old","Y","Y",2
172500,5,11184,"New","Y","Y",2
154500,8,8414,"Old","Y","Y",1
165000,5,13284,"Old","Y","Y",1
118858,5,7018,"New","Y","Y",2
140000,5,7056,"Old","Y","Y",2
106500,6,8765,"Old","N","Y",1
142953,5,7018,"New","Y","Y",2
611657,5,12919,"New","Y","Y",3
135000,7,6993,"Old","Y","Y",1
110000,6,7340,"New","Y","Y",1
153000,7,8712,"Old","Y","Y",1
180000,5,7875,"New","Y","Y",2
240000,5,14859,"New","Y","Y",3
125500,6,6173,"Old","Y","Y",1
128000,5,9920,"Old","Y","Y",1
255000,5,13501,"New","Y","Y",3
250000,7,11500,"Old","Y","Y",1
131000,5,8885,"New","Y","Y",2
174000,5,12589,"New","Y","Y",2
154300,5,11600,"Old","Y","Y",2
143500,7,9286,"New","Y","Y",1
88000,7,6120,"Old","N","Y",1
145000,6,6270,"Old","N","Y",3
173733,5,3000,"New","Y","Y",2
75000,5,2001,"Old","Y","Y",1
35311,3,9000,"Old","N","Y",1
135000,6,17140,"Old","Y","Y",1
238000,5,13125,"New","Y","Y",3
176500,8,11029,"Old","Y","Y",2
201000,5,8462,"New","Y","Y",2
145900,7,8777,"Old","Y","N",0
169990,5,10237,"New","Y","Y",2
193000,5,8012,"New","Y","Y",2
207500,6,10240,"New","Y","Y",2
175000,6,15611,"New","Y","Y",2
285000,5,11999,"New","Y","Y",3
176000,5,9900,"Old","Y","Y",2
236500,5,11838,"New","Y","Y",2
222000,5,13006,"New","Y","Y",2
201000,5,8925,"New","Y","Y",3
117500,6,9100,"Old","Y","Y",1
320000,5,11670,"New","Y","Y",3
190000,5,8487,"New","Y","Y",2
242000,7,27650,"Old","Y","Y",2
79900,5,5825,"Old","Y","Y",2
184900,5,10083,"New","Y","Y",2
253000,5,9675,"New","Y","Y",2
239799,5,8760,"New","Y","Y",3
244400,7,24090,"Old","Y","Y",1
150900,5,12640,"New","Y","Y",2
214000,5,8755,"New","Y","Y",2
150000,3,7711,"New","Y","N",0
143000,4,25000,"Old","Y","Y",2
137500,6,14375,"Old","Y","Y",2
124900,6,8820,"Old","Y","Y",2
143000,6,8163,"Old","Y","Y",1
270000,5,14536,"New","Y","Y",3
192500,5,14006,"New","Y","Y",2
197500,7,9360,"New","Y","Y",2
129000,8,7200,"Old","Y","Y",2
119900,5,7800,"Old","Y","Y",1
133900,8,7200,"New","Y","Y",1
172000,4,11075,"Old","Y","Y",2
127500,5,9400,"New","Y","N",0
145000,6,7136,"Old","N","Y",2
124000,6,1300,"New","Y","Y",2
132000,5,7420,"Old","Y","Y",2
185000,5,8450,"New","Y","Y",2
155000,5,2572,"New","Y","Y",2
116500,7,7207,"Old","Y","N",0
272000,7,12227,"New","Y","Y",2
155000,6,2308,"New","Y","Y",2
239000,5,11923,"New","Y","Y",2
214900,5,11316,"New","Y","Y",2
178900,5,10237,"New","Y","Y",2
160000,7,9600,"Old","Y","Y",1
135000,7,7390,"Old","Y","Y",1
37900,6,5925,"Old","N","N",0
140000,5,10382,"Old","Y","Y",1
135000,4,10800,"Old","N","N",0
173000,5,2268,"New","Y","Y",2
99500,5,7892,"New","Y","Y",1
182000,5,11639,"New","Y","Y",2
167500,8,11414,"Old","N","Y",2
165000,5,2651,"New","Y","Y",2
85500,7,5900,"Old","Y","N",0
199900,5,4274,"New","Y","Y",2
110000,5,9450,"Old","Y","Y",2
139000,6,8816,"Old","Y","Y",2
178400,9,12122,"Old","Y","Y",2
336000,5,12203,"New","Y","Y",3
159895,5,3182,"New","Y","Y",2
255900,5,11250,"New","Y","Y",2
126000,5,10125,"New","Y","Y",2
125000,5,10880,"Old","N","Y",1
117000,8,5310,"Old","Y","Y",1
395192,5,10159,"New","Y","Y",3
195000,6,12046,"New","Y","Y",2
197000,5,8125,"New","Y","Y",2
348000,5,9452,"New","Y","Y",3
168000,9,17671,"Old","Y","Y",2
187000,8,9760,"Old","Y","Y",2
173900,5,8846,"New","Y","Y",2
337500,5,12456,"New","Y","Y",3
121600,7,4712,"Old","Y","Y",1
136500,6,10659,"Old","Y","Y",1
185000,6,11717,"Old","Y","Y",2
91000,4,9786,"Old","N","Y",1
206000,5,6762,"New","Y","Y",2
82000,3,10206,"Old","N","Y",2
86000,6,5400,"Old","Y","Y",1
232000,5,11957,"New","Y","Y",3
136905,6,11500,"New","Y","Y",2
181000,5,3182,"New","Y","Y",2
149900,8,8385,"New","Y","Y",1
163500,3,12155,"Old","Y","Y",2
88000,4,2217,"Old","Y","Y",1
240000,5,12118,"New","Y","Y",2
102000,5,6000,"Old","Y","N",0
135000,5,21286,"Old","Y","Y",1
100000,5,9825,"Old","N","N",0
165000,7,10592,"Old","Y","Y",1
85000,4,7200,"Old","N","Y",1
119200,5,11664,"Old","Y","Y",1
227000,6,8400,"New","Y","Y",2
203000,5,11883,"New","Y","Y",2
187500,5,5814,"New","Y","Y",2
160000,5,10784,"New","Y","Y",2
213490,5,3013,"New","Y","Y",2
176000,5,7024,"New","Y","Y",2
194000,5,7406,"New","Y","Y",2
87000,5,9439,"Old","Y","Y",1
191000,5,3182,"New","Y","Y",2
287000,6,15498,"New","Y","Y",2
112500,5,7700,"New","Y","Y",2
167500,5,9300,"Old","Y","Y",2
293077,5,9520,"New","Y","Y",3
105000,5,9492,"Old","Y","Y",1
118000,7,1680,"New","Y","Y",1
160000,8,7082,"Old","Y","N",0
197000,3,15863,"Old","Y","Y",2
310000,7,14541,"New","Y","Y",3
230000,5,8125,"New","Y","Y",3
119750,7,6305,"Old","Y","Y",1
84000,3,11500,"Old","N","Y",1
315500,5,12898,"New","Y","Y",3
287000,5,9240,"New","Y","Y",2
97000,6,1533,"Old","Y","N",0
80000,4,1477,"Old","Y","Y",1
155000,4,13125,"Old","Y","Y",2
173000,8,9130,"Old","Y","Y",2
196000,5,5381,"New","Y","Y",2
262280,5,11839,"New","Y","Y",2
278000,5,9600,"New","Y","Y",2
139600,5,13680,"Old","Y","Y",2
556581,5,16056,"New","Y","Y",3
145000,5,9245,"New","Y","Y",2
115000,4,21750,"Old","Y","Y",2
84900,7,11100,"Old","Y","Y",1
176485,5,8993,"New","Y","Y",2
200141,5,11175,"New","Y","Y",2
165000,6,9500,"Old","Y","Y",2
144500,6,8562,"Old","Y","Y",1
255000,5,11367,"New","Y","Y",2
180000,5,11361,"New","Y","Y",2
185850,5,7052,"New","Y","Y",2
248000,6,29959,"New","Y","Y",2
335000,5,11308,"New","Y","Y",3
220000,7,11275,"Old","Y","Y",2
213500,5,4920,"New","Y","Y",2
81000,4,18000,"Old","Y","Y",3
90000,5,13600,"Old","N","Y",2
110500,6,6000,"Old","Y","Y",2
154000,6,11000,"Old","Y","Y",2
328000,5,14000,"New","Y","Y",2
178000,7,7837,"New","Y","Y",2
167900,6,9760,"Old","Y","Y",2
151400,4,3964,"New","Y","Y",2
135000,7,9600,"Old","Y","Y",2
135000,5,10152,"Old","Y","Y",1
154000,6,11700,"Old","Y","Y",2
91500,3,7585,"Old","Y","Y",1
159500,6,7950,"New","Y","Y",2
194000,5,8556,"New","Y","Y",3
219500,6,13125,"Old","Y","Y",1
170000,8,10800,"Old","Y","Y",2
138800,5,15870,"Old","Y","Y",1
155900,5,4435,"New","Y","Y",2
126000,5,8775,"New","Y","Y",1
145000,7,11040,"New","Y","Y",2
133000,5,7500,"Old","Y","Y",1
192000,5,8749,"New","Y","Y",2
160000,6,8800,"Old","Y","Y",1
187500,5,13031,"New","Y","Y",2
147000,6,9069,"New","Y","Y",2
83500,5,1974,"New","Y","Y",1
252000,5,10574,"New","Y","Y",3
137500,5,2522,"New","Y","Y",2
197000,5,3316,"New","Y","Y",2
92900,4,8544,"Old","N","Y",2
160000,5,2160,"New","Y","Y",2
136500,5,8400,"Old","Y","Y",2
146000,8,9230,"Old","Y","Y",2
129000,7,5868,"Old","Y","Y",1
176432,5,9317,"New","Y","Y",2
127000,7,6882,"Old","Y","N",0
170000,5,3696,"New","Y","Y",2
128000,6,6000,"Old","Y","Y",1
157000,5,11880,"New","Y","Y",2
60000,5,8400,"Old","N","Y",1
119500,5,9758,"New","Y","Y",1
135000,7,7000,"Old","Y","Y",1
159500,6,8910,"Old","Y","Y",2
106000,5,2016,"Old","Y","Y",2
325000,5,12256,"New","Y","Y",2
179900,5,10357,"New","Y","Y",2
274725,5,23257,"New","Y","Y",2
181000,5,8063,"New","Y","Y",2
280000,5,11362,"New","Y","Y",3
188000,5,8000,"New","Y","Y",2
205000,6,10480,"New","Y","Y",2
129900,7,7100,"Old","Y","Y",1
134500,7,8923,"Old","Y","Y",1
117000,7,5400,"Old","Y","Y",1
318000,5,12085,"New","Y","Y",3
184100,5,7750,"New","Y","Y",2
130000,7,9764,"Old","Y","Y",2
140000,6,13825,"Old","Y","Y",1
133700,5,7560,"Old","Y","Y",1
118400,5,8263,"Old","Y","Y",1
212900,5,10084,"New","Y","Y",3
112000,3,8926,"Old","Y","Y",1
118000,9,9405,"Old","Y","N",0
163900,5,9125,"New","Y","Y",2
115000,5,10434,"Old","Y","Y",2
174000,5,3684,"New","Y","Y",3
259000,5,14572,"New","Y","Y",3
215000,5,11796,"New","Y","Y",2
140000,5,7200,"New","Y","Y",2
135000,3,7804,"Old","Y","Y",2
93500,5,10712,"New","Y","N",0
117500,4,9900,"Old","Y","Y",1
239500,5,9828,"New","Y","Y",2
169000,5,8773,"New","Y","Y",2
102000,5,6180,"Old","N","Y",1
119000,5,9600,"Old","Y","Y",1
94000,8,6342,"Old","N","N",0
196000,5,9819,"New","Y","Y",2
144000,5,8731,"Old","Y","Y",2
139000,7,7350,"Old","Y","Y",2
197500,7,10304,"New","Y","Y",2
424870,5,9965,"New","Y","Y",3
80000,3,9000,"Old","Y","N",0
80000,4,12180,"Old","N","Y",1
149000,6,6240,"Old","Y","Y",1
180000,5,11200,"New","Y","Y",2
174500,7,12000,"Old","Y","Y",1
116900,7,5700,"Old","Y","Y",1
143000,9,9000,"Old","Y","Y",2
124000,5,8280,"Old","Y","Y",1
149900,4,17755,"Old","Y","Y",2
230000,7,14115,"Old","Y","Y",2
120500,8,5890,"Old","Y","Y",1
201800,6,13700,"Old","Y","Y",2
218000,8,10768,"New","Y","Y",2
179900,8,9350,"Old","Y","Y",2
230000,5,5001,"New","Y","Y",2
235128,5,11932,"New","Y","Y",3
185000,6,9120,"New","Y","Y",2
146000,5,2280,"New","Y","Y",2
224000,7,14778,"Old","Y","Y",2
129000,5,8724,"Old","Y","Y",2
108959,4,12900,"Old","Y","Y",2
194000,7,16157,"New","Y","Y",2
233170,5,9541,"New","Y","Y",2
245350,5,10475,"New","Y","Y",3
173000,5,10852,"New","Y","Y",2
235000,7,13728,"Old","Y","Y",2
625000,5,35760,"New","Y","Y",3
171000,6,9880,"New","Y","Y",1
163000,6,9120,"Old","Y","Y",2
171900,5,4017,"New","Y","Y",2
200500,6,18030,"Old","Y","N",0
239000,8,16560,"Old","Y","Y",2
285000,5,10678,"New","Y","Y",2
119500,5,6951,"New","Y","Y",1
115000,8,3950,"Old","Y","Y",1
154900,6,7681,"Old","Y","Y",1
93000,5,8335,"Old","Y","N",0
250000,5,11170,"New","Y","Y",2
392500,5,5587,"New","Y","Y",2
745000,5,15623,"New","Y","Y",3
120000,6,10800,"Old","Y","Y",2
186700,4,35133,"Old","Y","Y",3
104900,7,9738,"Old","Y","Y",1
95000,5,10615,"Old","Y","Y",2
262000,5,12461,"New","Y","Y",3
195000,5,8935,"New","Y","Y",2
189000,5,7500,"New","Y","Y",2
168000,4,32463,"Old","Y","Y",4
174000,5,2645,"New","Y","Y",2
125000,8,9600,"Old","Y","Y",1
165000,5,4500,"New","Y","Y",2
158000,7,9364,"Old","Y","Y",1
176000,5,8029,"New","Y","Y",2
219210,5,14054,"New","Y","Y",3
144000,6,8850,"Old","Y","Y",1
178000,5,9100,"New","Y","Y",2
148000,5,11235,"Old","Y","Y",2
116050,5,9353,"Old","Y","Y",1
197900,5,10400,"New","Y","Y",2
117000,8,6000,"Old","Y","Y",1
213000,5,9750,"New","Y","Y",2
153500,6,10140,"New","Y","Y",2
271900,7,14684,"New","Y","Y",3
107000,4,8900,"Old","Y","Y",1
200000,5,9135,"New","Y","Y",2
140000,7,7763,"Old","Y","Y",2
290000,5,10182,"New","Y","Y",2
189000,5,11218,"New","Y","Y",2
164000,7,12134,"New","Y","Y",2
113000,6,9340,"Old","Y","Y",1
145000,9,10246,"Old","Y","Y",1
134500,5,10205,"Old","Y","Y",1
125000,5,7094,"Old","Y","Y",1
112000,5,8930,"New","Y","Y",2
229456,5,8640,"New","Y","Y",2
80500,5,6240,"Old","N","N",0
91500,5,1680,"New","Y","N",0
115000,5,7800,"Old","Y","Y",1
134000,5,8250,"Old","Y","Y",1
143000,6,10496,"Old","Y","Y",1
137900,3,10680,"Old","N","Y",2
184000,5,15384,"New","Y","Y",2
145000,8,10482,"Old","Y","Y",1
214000,5,14598,"New","Y","Y",3
147000,8,8872,"Old","Y","Y",2
367294,5,8769,"New","Y","Y",3
127000,5,7910,"Old","Y","Y",1
190000,5,18890,"New","Y","Y",2
132500,6,7728,"Old","Y","Y",2
101800,5,9842,"Old","Y","Y",2
142000,5,12160,"Old","Y","Y",2
130000,6,8525,"Old","N","N",0
138887,5,13132,"Old","Y","Y",1
175500,5,2628,"New","Y","Y",2
195000,5,12393,"New","Y","Y",2
142500,5,13072,"New","Y","Y",2
265900,5,9037,"New","Y","Y",2
224900,5,8158,"New","Y","Y",2
248328,6,9849,"New","Y","Y",3
170000,6,10625,"New","Y","Y",2
465000,5,13891,"New","Y","Y",3
230000,7,11435,"Old","Y","Y",2
178000,7,12090,"New","Y","Y",2
186500,5,8125,"New","Y","Y",2
169900,5,12328,"New","Y","Y",3
129500,5,9600,"Old","N","Y",2
119000,7,7200,"Old","Y","Y",1
244000,5,11160,"Old","Y","Y",2
171750,5,3136,"New","Y","Y",2
130000,6,9858,"Old","Y","Y",1
294000,7,17542,"New","Y","Y",2
165400,5,6931,"New","Y","Y",2
127500,6,6240,"Old","Y","Y",1
301500,5,14303,"New","Y","Y",2
99900,8,4060,"Old","Y","N",0
190000,5,9587,"New","Y","Y",2
151000,8,9750,"Old","Y","Y",2
181000,5,24682,"New","Y","Y",2
128900,6,9600,"Old","Y","Y",1
161500,5,11250,"Old","Y","Y",1
180500,6,13515,"Old","Y","Y",2
181000,5,4060,"New","Y","Y",2
183900,5,3735,"New","Y","Y",2
122000,4,10120,"Old","N","Y",1
378500,5,13214,"New","Y","Y",3
381000,9,14100,"Old","Y","Y",3
144000,5,11344,"Old","Y","Y",1
260000,6,23595,"New","Y","Y",2
185750,7,9156,"Old","Y","Y",2
137000,6,13526,"Old","Y","Y",1
177000,7,11512,"Old","Y","Y",1
139000,6,5362,"Old","Y","Y",2
137000,5,11345,"Old","Y","Y",2
162000,6,12936,"New","Y","Y",2
197900,5,17871,"Old","Y","Y",2
237000,5,9473,"New","Y","Y",2
68400,4,7500,"Old","Y","Y",2
227000,5,9808,"New","Y","Y",2
180000,5,8049,"New","Y","Y",2
150500,7,8800,"New","Y","Y",2
139000,5,9400,"New","Y","N",0
169000,7,9638,"Old","Y","Y",1
132500,6,6000,"Old","Y","Y",1
143000,5,9790,"Old","Y","Y",2
190000,5,36500,"Old","Y","Y",2
278000,5,5664,"New","Y","Y",2
281000,5,11065,"New","Y","Y",3
180500,7,14112,"Old","Y","Y",2
119500,7,1680,"New","Y","Y",1
107500,4,6600,"Old","N","Y",1
162900,5,10140,"New","Y","Y",2
115000,7,8172,"Old","Y","Y",2
138500,5,8400,"Old","Y","Y",1
155000,6,8700,"Old","Y","Y",2
140000,5,3675,"New","Y","Y",2
160000,5,63887,"New","Y","Y",2
154000,7,7500,"Old","Y","Y",1
225000,5,10762,"New","Y","Y",2
177500,7,7500,"Old","Y","Y",1
290000,5,10120,"New","Y","Y",3
232000,5,8688,"New","Y","Y",3
130000,5,3363,"New","Y","Y",2
325000,5,13173,"New","Y","Y",2
202500,5,6955,"New","Y","Y",2
138000,5,8072,"New","Y","Y",2
147000,7,12000,"Old","Y","Y",2
179200,5,7153,"New","Y","Y",2
335000,8,17500,"Old","Y","Y",2
203000,5,8814,"New","Y","Y",2
302000,5,9572,"New","Y","Y",2
333168,5,14774,"New","Y","Y",3
119000,6,8190,"Old","Y","Y",1
206900,5,11075,"Old","Y","Y",2
295493,5,10226,"New","Y","Y",3
208900,5,4230,"New","Y","Y",2
275000,5,14781,"New","Y","Y",3
111000,5,10215,"Old","Y","Y",1
156500,3,8400,"Old","Y","Y",2
72500,6,6627,"Old","N","Y",1
190000,5,10186,"New","Y","Y",2
82500,7,5330,"Old","Y","N",0
147000,5,9986,"New","Y","Y",3
55000,4,3636,"Old","N","N",0
79000,6,4270,"Old","Y","N",0
130500,9,6600,"New","Y","Y",1
256000,7,10440,"Old","Y","Y",2
176500,5,9084,"New","Y","Y",2
227000,5,10000,"New","Y","Y",3
132500,5,10780,"New","Y","Y",2
100000,6,8877,"Old","Y","Y",1
125500,6,7200,"Old","Y","Y",1
125000,6,2368,"Old","Y","Y",2
167900,5,9650,"New","Y","Y",2
135000,5,9246,"New","Y","Y",2
52500,4,4118,"Old","N","N",0
200000,5,13450,"New","Y","Y",2
128500,7,9560,"New","Y","Y",1
123000,5,8294,"New","Y","Y",4
155000,5,13695,"New","Y","Y",2
228500,5,9375,"New","Y","Y",2
177000,6,7558,"Old","Y","Y",2
155835,5,11103,"New","Y","Y",2
108500,4,6000,"Old","Y","Y",1
262500,7,20781,"Old","Y","Y",2
283463,5,15306,"New","Y","Y",3
215000,5,16196,"New","Y","Y",2
122000,5,5250,"Old","N","N",0
200000,5,11643,"Old","Y","Y",4
171000,6,9247,"Old","Y","Y",2
134900,9,6000,"Old","Y","Y",2
410000,5,14720,"New","Y","Y",3
235000,5,10316,"New","Y","Y",3
170000,6,10192,"Old","Y","Y",2
110000,5,9477,"Old","Y","Y",1
149900,6,12537,"New","Y","Y",2
177500,5,2117,"New","Y","Y",2
315000,5,16737,"New","Y","Y",3
189000,6,9842,"Old","Y","Y",2
260000,5,16158,"New","Y","Y",2
104900,4,12513,"Old","Y","Y",1
156932,5,8499,"New","Y","Y",2
144152,5,3180,"New","Y","Y",2
216000,5,7500,"New","Y","Y",2
193000,5,9179,"New","Y","Y",2
127000,6,2665,"New","Y","Y",1
144000,5,4435,"New","Y","Y",2
232000,5,10635,"New","Y","Y",2
105000,6,5400,"Old","Y","Y",1
165500,6,9600,"Old","Y","Y",1
274300,6,9750,"New","Y","Y",2
466500,5,11400,"New","Y","Y",3
250000,5,10625,"New","Y","Y",3
239000,5,10991,"New","Y","Y",3
91000,5,6292,"Old","N","Y",1
117000,5,10998,"Old","Y","Y",2
83000,5,1953,"New","Y","Y",1
167500,5,9735,"New","Y","Y",2
58500,3,8212,"Old","N","Y",1
237500,7,12925,"Old","Y","Y",2
157000,7,7200,"Old","Y","Y",2
112000,7,25339,"Old","Y","Y",2
105000,5,9060,"Old","Y","Y",1
125500,8,5436,"Old","Y","Y",1
250000,5,16692,"New","Y","Y",2
136000,7,8520,"Old","N","Y",1
377500,5,14892,"New","Y","Y",3
131000,6,6000,"Old","Y","Y",2
235000,5,9100,"New","Y","Y",2
124000,5,8944,"Old","Y","Y",3
123000,5,7838,"Old","Y","Y",1
163000,7,10800,"Old","N","Y",2
246578,5,4045,"New","Y","Y",3
281213,5,12665,"New","Y","Y",3
160000,5,57200,"Old","Y","Y",2
137500,8,6120,"Old","Y","Y",1
138000,4,7200,"Old","Y","Y",1
137450,6,6171,"Old","Y","Y",1
120000,7,6000,"Old","Y","Y",1
193000,5,7415,"New","Y","Y",2
193879,5,6762,"New","Y","Y",2
282922,5,15256,"New","Y","Y",3
105000,4,10410,"Old","Y","Y",3
275000,5,3842,"New","Y","Y",2
133000,7,8445,"New","Y","Y",2
112000,5,8780,"New","Y","N",0
125500,7,7740,"Old","Y","Y",2
215000,6,20544,"New","Y","Y",2
230000,5,12420,"New","Y","Y",2
140000,8,9600,"Old","Y","Y",1
90000,5,7200,"Old","N","Y",2
257000,5,10994,"New","Y","Y",2
207000,7,13053,"Old","Y","Y",2
175900,5,3635,"New","Y","Y",3
122500,6,11340,"Old","Y","Y",2
340000,5,16545,"New","Y","Y",3
124000,5,9204,"Old","Y","Y",1
223000,5,16381,"Old","Y","Y",2
179900,6,11700,"Old","Y","Y",2
127500,5,4043,"New","Y","Y",2
136500,5,4435,"New","Y","Y",2
274970,7,19690,"Old","Y","Y",2
144000,5,9503,"Old","Y","Y",1
142000,6,10721,"Old","Y","Y",2
271000,5,10944,"New","Y","Y",2
140000,6,10930,"Old","Y","Y",1
119000,7,7200,"Old","Y","Y",1
182900,7,12546,"New","Y","Y",2
192140,5,21930,"New","Y","Y",2
143750,6,4928,"New","Y","Y",2
64500,6,10800,"Old","Y","Y",1
186500,5,10261,"New","Y","Y",2
160000,5,17400,"New","Y","Y",2
174000,9,8400,"Old","Y","Y",2
120500,6,9000,"New","Y","Y",2
394617,5,12444,"New","Y","Y",3
149700,7,7407,"Old","Y","Y",2
197000,6,11584,"New","Y","Y",2
191000,7,11526,"Old","Y","Y",2
149300,5,4426,"New","Y","Y",2
310000,5,11003,"New","Y","Y",3
121000,6,8854,"Old","N","Y",1
179600,5,8500,"New","Y","Y",2
129000,5,8400,"Old","Y","Y",1
157900,7,26142,"Old","Y","Y",1
240000,5,10000,"New","Y","Y",2
112000,7,11767,"Old","N","Y",1
92000,7,1533,"Old","Y","N",0
136000,5,9000,"New","Y","N",0
287090,5,9262,"New","Y","Y",3
145000,5,3675,"New","Y","Y",2
84500,5,17217,"New","Y","N",0
185000,5,7500,"New","Y","Y",2
175000,5,7917,"New","Y","Y",2
210000,6,13175,"New","Y","Y",2
266500,9,9042,"Old","Y","Y",1
142125,6,9717,"Old","Y","Y",1
147500,6,9937,"Old","Y","Y",1
